{"cameraMode":{"drawMode":0,"name":"Shaded","section":"Shading Mode"},"sceneLighting":false,"audioPlay":false,"sceneViewState":{"m_AlwaysRefresh":false,"showFog":true,"showSkybox":false,"showFlares":true,"showImageEffects":true,"showParticleSystems":true,"showVisualEffectGraphs":true,"m_FxEnabled":true},"in2DMode":false,"pivot":{"x":-0.010083338245749474,"y":-0.006849765777587891,"z":-0.04033331945538521},"rotation":{"x":0.44780686497688296,"y":-0.07095200568437576,"z":0.03567582368850708,"w":0.8905969858169556},"size":4.698963642120361,"orthographic":true}